universe_id,block_id,block_name,ticker,role,notes
router_start66_v1,F1,equity,SPY,broad_us_equity,sp500
router_start66_v1,F1,equity,QQQ,growth_mega_cap,nasdaq_100
router_start66_v1,F1,equity,IWM,small_cap,russell_2000
router_start66_v1,F1,equity,MDY,mid_cap,sp400_midcap
router_start66_v1,F1,equity,IWD,value,russell_1000_value
router_start66_v1,F1,equity,IWF,growth,russell_1000_growth
router_start66_v1,F1,equity,RSP,equal_weight,sp500_equal_weight
router_start66_v1,F1,equity,XLK,sector,technology
router_start66_v1,F1,equity,XLF,sector,financials
router_start66_v1,F1,equity,XLV,sector,healthcare
router_start66_v1,F1,equity,XLI,sector,industrials
router_start66_v1,F1,equity,XLY,sector,consumer_discretionary
router_start66_v1,F1,equity,XLP,sector,consumer_staples
router_start66_v1,F1,equity,XLB,sector,materials
router_start66_v1,F1,equity,XLU,sector,utilities
router_start66_v1,F1,equity,XLC,sector,communication_services
router_start66_v1,F1,equity,SMH,industry,semiconductors
router_start66_v1,F1,equity,XBI,industry,biotech
router_start66_v1,F1,equity,KRE,industry,regional_banks
router_start66_v1,F1,equity,MTUM,factor,momentum
router_start66_v1,F1,equity,USMV,factor,min_volatility
router_start66_v1,F1,equity,QUAL,factor,quality
router_start66_v1,F1,equity,SCHD,factor,dividend_quality
router_start66_v1,F2,rates,SGOV,cash,short_tbill_cash_proxy
router_start66_v1,F2,rates,SHY,short_treasury,one_to_three_year_treasury
router_start66_v1,F2,rates,IEF,intermediate_treasury,seven_to_ten_year_treasury
router_start66_v1,F2,rates,TLT,long_treasury,twenty_plus_year_treasury
router_start66_v1,F2,rates,MUB,municipal_bond,national_muni
router_start66_v1,F4,tips,TIP,tips,broad_tips
router_start66_v1,F3,credit,LQD,investment_grade_credit,corporate_ig
router_start66_v1,F3,credit,HYG,high_yield_credit,corporate_hy
router_start66_v1,F3,credit,BKLN,senior_loan,bank_loans
router_start66_v1,F3,credit,JAAA,clo,aaa_clo
router_start66_v1,F3,credit,PFF,preferred,preferred_stock
router_start66_v1,F3,credit,CWB,convertible_bond,convertibles
router_start66_v1,F5,precious_metals,GLD,gold,physical_gold_proxy
router_start66_v1,F5,precious_metals,SLV,silver,physical_silver_proxy
router_start66_v1,F6,energy,XLE,energy_equity,us_energy_sector
router_start66_v1,F6,energy,USO,oil,oil_futures_proxy
router_start66_v1,F6,energy,UNG,natural_gas,natural_gas_futures_proxy
router_start66_v1,F6,energy,AMLP,midstream,mlp_midstream
router_start66_v1,F7,commodity,DBC,broad_commodity,broad_commodity_futures
router_start66_v1,F7,commodity,DBA,agriculture,agriculture_futures
router_start66_v1,F7,commodity,CPER,copper,copper_futures
router_start66_v1,F7,commodity,URA,uranium,uranium_equity_proxy
router_start66_v1,F8,dollar,UUP,dollar,us_dollar_index_proxy
router_start66_v1,F9,crypto,IBIT,bitcoin,spot_bitcoin_proxy
router_start66_v1,F10,vol,VXX,volatility,vix_futures_proxy
router_start66_v1,F11,real_estate,IYR,reit,us_real_estate
router_start66_v1,F11,real_estate,REM,mortgage_reit,mortgage_reit
router_start66_v1,F12,em,EEM,em_broad,em_equity
router_start66_v1,F12,em,FXI,china,china_large_cap
router_start66_v1,F12,em,EWZ,brazil,brazil_equity
router_start66_v1,F12,em,INDA,india,india_equity
router_start66_v1,F12,em,TUR,turkey,turkey_equity
router_start66_v1,F12,em,VNM,vietnam,vietnam_equity
router_start66_v1,F13,intl_dev,EFA,developed_ex_us,developed_ex_us_equity
router_start66_v1,F13,intl_dev,EWJ,japan,japan_equity
router_start66_v1,F13,intl_dev,EWG,germany,germany_equity
router_start66_v1,F13,intl_dev,EWC,canada,canada_equity
router_start66_v1,F13,intl_dev,EWU,uk,uk_equity
router_start66_v1,F13,intl_dev,EWA,australia,australia_equity
router_start66_v1,F14,intl_rates,BNDX,global_ex_us_bond,hedged_global_aggregate_bond
router_start66_v1,F14,intl_rates,EMB,em_usd_bond,em_usd_sovereign_bond
router_start66_v1,F14,intl_rates,EMLC,em_local_bond,em_local_currency_bond
router_start66_v1,F0,trend,DBMF,managed_futures,trend_following_managed_futures
